{
  "blend": {
    "func": "add",
    "srcrgb": "srcalpha",
    "dstrgb": "1-srcalpha"
  },
  "vertex": "sobel",
  "fragment": "renderer:outline",
  "attributes": [
    "Position"
  ],
  "samplers": [
    {
      "name": "DiffuseSampler"
    }
  ],
  "uniforms": [
    {
      "name": "ProjMat",
      "type": "matrix4x4",
      "count": 16,
      "values": [
        1.0,
        0.0,
        0.0,
        0.0,
        0.0,
        1.0,
        0.0,
        0.0,
        0.0,
        0.0,
        1.0,
        0.0,
        0.0,
        0.0,
        0.0,
        1.0
      ]
    },
    {
      "name": "InSize",
      "type": "float",
      "count": 2,
      "values": [
        1.0,
        1.0
      ]
    },
    {
      "name": "OutSize",
      "type": "float",
      "count": 2,
      "values": [
        1.0,
        1.0
      ]
    },
    {
      "name": "Radius",
      "type": "float",
      "count": 1,
      "values": [
        1
      ]
    },
    {
      "name": "OutlineColor",
      "type": "float",
      "count": 4,
      "values": [
        1, 1, 1, 1
      ]
    },
    {
      "name": "InnerColor",
      "type": "float",
      "count": 4,
      "values": [
        0, 0, 0, 1
      ]
    }
  ]
}