{
  "mappings": {
    "me/x150/renderer/mixin/DebugHudMixin": {
      "getLeftText": "Lnet/minecraft/class_340;method_1835()Ljava/util/List;"
    },
    "me/x150/renderer/mixin/GameRendererMixin": {
      "Lnet/minecraft/client/render/GameRenderer;renderHand:Z": "Lnet/minecraft/class_757;field_3992:Z",
      "renderWorld": "Lnet/minecraft/class_757;method_3188(FJLnet/minecraft/class_4587;)V"
    },
    "me/x150/renderer/mixin/InGameHudMixin": {
      "render": "Lnet/minecraft/class_329;method_1753(Lnet/minecraft/class_332;F)V"
    },
    "me/x150/renderer/mixin/NativeImageAccessor": {
      "pointer": "field_4988:J"
    },
    "me/x150/renderer/mixin/PostEffectPassAccessor": {
      "input": "field_1536:Lnet/minecraft/class_276;",
      "output": "field_1538:Lnet/minecraft/class_276;"
    },
    "me/x150/renderer/mixin/PostEffectProcessorMixin": {
      "close": "Lnet/minecraft/class_279;close()V"
    }
  },
  "data": {
    "named:intermediary": {
      "me/x150/renderer/mixin/DebugHudMixin": {
        "getLeftText": "Lnet/minecraft/class_340;method_1835()Ljava/util/List;"
      },
      "me/x150/renderer/mixin/GameRendererMixin": {
        "Lnet/minecraft/client/render/GameRenderer;renderHand:Z": "Lnet/minecraft/class_757;field_3992:Z",
        "renderWorld": "Lnet/minecraft/class_757;method_3188(FJLnet/minecraft/class_4587;)V"
      },
      "me/x150/renderer/mixin/InGameHudMixin": {
        "render": "Lnet/minecraft/class_329;method_1753(Lnet/minecraft/class_332;F)V"
      },
      "me/x150/renderer/mixin/NativeImageAccessor": {
        "pointer": "field_4988:J"
      },
      "me/x150/renderer/mixin/PostEffectPassAccessor": {
        "input": "field_1536:Lnet/minecraft/class_276;",
        "output": "field_1538:Lnet/minecraft/class_276;"
      },
      "me/x150/renderer/mixin/PostEffectProcessorMixin": {
        "close": "Lnet/minecraft/class_279;close()V"
      }
    }
  }
}