{
  "schemaVersion": 1,
  "id": "satin",
  "version": "1.16.0",

  "name": "Satin",
  "icon": "assets/satin/icon.png",
  "description": "Easy shaders for all modders",
  "license": "LGPL-3.0-or-later",
  "authors": [
    "Pyrofab"
  ],
  "contact": {
    "sources": "https://github.com/Ladysnake/Satin",
    "issues": "https://github.com/Ladysnake/Satin/issues",
    "discord": "ladysnake.glitch.me/discord",
    "homepage": "https://www.curseforge.com/minecraft/mc-mods/satin-api"
  },
  "environment": "client",
  "entrypoints": {
    "client": [
      "ladysnake.satin.Satin"
    ]
  },
  "mixins": [
    {
      "environment": "client",
      "config": "mixins.satin.client.json"
    }
  ],
  "accessWidener": "satin.accesswidener",
  "depends": {
    "fabricloader": ">=0.11.3",
    "fabric-api-base": "*",
    "fabric-resource-loader-v0": "*",
    "fabric-rendering-v1": ">=2.1.0",
    "minecraft": ">=1.20.3",
    "java": ">=16"
  },
  "conflicts": {
    "optifabric": "*"
  },
  "custom": {
    "badges": [ "library" ]
  }
}
