{
  "required": true,
  "compatibilityLevel": "JAVA_16",
  "package": "ladysnake.satin.mixin.client",
  "plugin": "ladysnake.satin.mixin.SatinMixinPlugin",
  "mixins": [
    "AccessiblePassesShaderEffect",
    "blockrenderlayer.RenderLayerMixin",
    "blockrenderlayer.WorldRendererMixin",
    "event.GameRendererMixin",
    "event.MinecraftClientMixin",
    "event.WorldRendererMixin",
    "gl.CoreShaderMixin",
    "gl.DepthGlFramebufferMixin",
    "gl.CustomFormatFramebufferMixin",
    "gl.GlUniformMixin",
    "gl.JsonEffectGlShaderMixin",
    "gl.CustomFormatPostEffectProcessorMixin",
    "render.RenderLayerAccessor",
    "render.RenderLayerMixin",
    "render.RenderLayerMixin$MultiPhaseParametersAccessor",
    "render.RenderLayerMultiPhaseMixin",
    "render.RenderPhaseAccessor"
  ],
  "injectors": {
    "defaultRequire": 1
  },
  "client": [],
  "refmap": "satin-refmap.json"
}