{
  "schemaVersion": 1,
  "id": "adventure-platform-fabric",
  "version": "5.11.0",
  "name": "adventure-platform-fabric",
  "authors": [
    "kashike",
    "zml",
    "Luck",
    "Electroid"
  ],
  "contact": {
    "homepage": "https://github.com/KyoriPowered/adventure-platform-fabric",
    "issues": "https://github.com/KyoriPowered/adventure-platform-fabric/issues",
    "sources": "https://github.com/KyoriPowered/adventure-platform-fabric"
  },
  "license": "MIT",
  "icon": "assets/adventure-platform-fabric/logo.png",
  "entrypoints": {
    "main": [
      "net.kyori.adventure.platform.fabric.impl.AdventureCommon",
      "net.kyori.adventure.platform.fabric.impl.compat.permissions.PermissionsApiIntegration"
    ],
    "client": [
      "net.kyori.adventure.platform.fabric.impl.client.AdventureClient"
    ],
    "adventure-internal:sidedproxy/client": [
      "net.kyori.adventure.platform.fabric.impl.client.ClientProxy"
    ],
    "adventure-internal:sidedproxy/server": [
      "net.kyori.adventure.platform.fabric.impl.server.DedicatedServerProxy"
    ]
  },
  "mixins": [
    "adventure-platform-fabric.accessor.mixins.json",
    "adventure-platform-fabric.mixins.json",
    {
      "environment": "client",
      "config": "adventure-platform-fabric.client.mixins.json"
    }
  ],
  "custom": {
    "modmenu:api": true,
    "modmenu": {
      "badges": [
        "library"
      ]
    },
    "loom:injected_interfaces": {
      "net/minecraft/class_2168": [
        "net/kyori/adventure/platform/fabric/AdventureCommandSourceStack"
      ],
      "net/minecraft/class_1297": [
        "net/kyori/adventure/sound/Sound$Emitter",
        "net/kyori/adventure/platform/fabric/EntityHoverEventSource"
      ],
      "net/minecraft/server/MinecraftServer": [
        "net/kyori/adventure/audience/Audience"
      ],
      "net/minecraft/class_1657": [
        "net/kyori/adventure/platform/fabric/IdentifiedAtRuntime"
      ],
      "net/minecraft/class_3350": [
        "net/kyori/adventure/audience/Audience"
      ],
      "net/minecraft/class_3222": [
        "net/kyori/adventure/audience/Audience"
      ],
      "net/minecraft/class_746": [
        "net/kyori/adventure/audience/Audience"
      ],
      "net/minecraft/class_2561": [
        "net/kyori/adventure/text/ComponentLike"
      ],
      "net/minecraft/class_2960": [
        "net/kyori/adventure/key/Key"
      ],
      "net/minecraft/class_3414": [
        "net/kyori/adventure/sound/Sound$Type"
      ],
      "net/minecraft/class_5321": [
        "net/kyori/adventure/key/Keyed"
      ],
      "net/minecraft/class_1799": [
        "net/kyori/adventure/text/event/HoverEventSource"
      ],
      "net/minecraft/class_7469": [
        "net/kyori/adventure/chat/SignedMessage$Signature"
      ],
      "net/minecraft/class_7471": [
        "net/kyori/adventure/chat/SignedMessage"
      ]
    }
  },
  "depends": {
    "fabricloader": ">=0.14.0",
    "fabric-api-base": "*",
    "fabric-command-api-v2": "*"
  },
  "recommends": {
    "fabric-networking-api-v1": "*"
  }
}
